Title,Abstract,Publication Date,Link,Authors,Citations,Cleaned_Abstract,Abstract_NLTK,Abstract_Spacy
A Survey of Research on Cloud Robotics and Automation,"The Cloud infrastructure and its extensive set of Internet-accessible resources has potential to provide significant benefits robots automation systems.We consider systems that rely on data or code from a network support their operation, i.e., where not all sensing, computation, memory is integrated into standalone system.This survey organized around four the Cloud: 1) Big Data: access libraries images, maps, trajectories, descriptive data; 2) Computing: parallel grid computing demand for statistical analysis, learning, motion planning; 3) Collective Robot Learning: sharing control policies, outcomes; 4) Human Computation: use crowdsourcing tap human skills analyzing images video, classification, error recovery.The can also improve by providing to: a) datasets, publications, models, benchmarks, simulation tools; b) open competitions designs systems; c) open-source software.This includes over 150 references results challenges.A website with new developments updates available at: http://goldberg.berkeley.edu/cloud-robotics/Note Practitioners-Most still operate independently using onboard memory, programming.Emerging advances increasing availability networking in ""Cloud"" suggests approaches processing performed remotely dynamic global datasets range functions.This paper surveys research date.",2015-04-01,https://doi.org/10.1109/tase.2014.2376492,"Ben Kehoe, Sachin Patil, Pieter Abbeel, Ken Goldberg",751,The Cloud infrastructure and its extensive set of Internetaccessible resources has potential to provide significant benefits robots automation systemsWe consider systems that rely on data or code from a network support their operation ie where not all sensing computation memory is integrated into standalone systemThis survey organized around four the Cloud 1 Big Data access libraries images maps trajectories descriptive data 2 Computing parallel grid computing demand for statistical analysis learning motion planning 3 Collective Robot Learning sharing control policies outcomes 4 Human Computation use crowdsourcing tap human skills analyzing images video classification error recoveryThe can also improve by providing to a datasets publications models benchmarks simulation tools b open competitions designs systems c opensource softwareThis includes over 150 references results challengesA website with new developments updates available at httpgoldbergberkeleyeducloudroboticsNote PractitionersMost still operate independently using onboard memory programmingEmerging advances increasing availability networking in Cloud suggests approaches processing performed remotely dynamic global datasets range functionsThis paper surveys research date,cloud infrastructur extens set internetaccess resourc potenti provid signific benefit robot autom systemsw consid system reli data code network support oper ie sens comput memori integr standalon systemthi survey organ around four cloud 1 big data access librari imag map trajectori descript data 2 comput parallel grid comput demand statist analysi learn motion plan 3 collect robot learn share control polici outcom 4 human comput use crowdsourc tap human skill analyz imag video classif error recoveryth also improv provid dataset public model benchmark simul tool b open competit design system c opensourc softwarethi includ 150 refer result challengesa websit new develop updat avail httpgoldbergberkeleyeducloudroboticsnot practitionersmost still oper independ use onboard memori programmingemerg advanc increas avail network cloud suggest approach process perform remot dynam global dataset rang functionsthi paper survey research date,cloud infrastructure extensive set internetaccessible resource potential provide significant benefit robot automation systemswe consider system rely datum code network support operation ie sense computation memory integrate standalone systemthis survey organize cloud big datum access librarie image map trajectory descriptive datum compute parallel grid computing demand statistical analysis learn motion plan collective robot learn sharing control policy outcome human computation use crowdsource tap human skill analyze image video classification error recoverythe improve provide dataset publication model benchmark simulation tool b open competition design system c opensource softwarethis include reference result challengesa website new development update available httpgoldbergberkeleyeducloudroboticsnote practitionersmost operate independently onboard memory programmingemerging advance increase availability networking cloud suggest approach process perform remotely dynamic global dataset range functionsthis paper survey research date
Robotic Process Automation: Contemporary themes and challenges,"Through the application of Robotic Process Automation (RPA) organisations aim to increase their operational efficiency. In RPA, robots, or ‘bots’ for short, represent software agents capable interacting with systems by mimicking user actions, thus alleviating workload human workforce. RPA has already seen significant uptake in practice; solution technologies are offered multiple vendors. Contrasting this early practical adoption is hitherto relative lack attention academic literature. As a consequence, lacks sound theoretical foundations that allow objective reasoning around its and development. This, turn, hinders initiatives achieving meaningful advances field. This paper presents structured literature review identifies number contemporary, RPA-related themes challenges future research.",2020-02-01,https://doi.org/10.1016/j.compind.2019.103162,"Rehan Syed, Suriadi Suriadi, Michael Adams, Wasana Bandara, Sander J. J. Leemans, Chun Ouyang, Arthur H. M. ter Hofstede, Inge van de Weerd, Moe Thandar Wynn, Hajo A. Reijers",348,Through the application of Robotic Process Automation RPA organisations aim to increase their operational efficiency In RPA robots or bots for short represent software agents capable interacting with systems by mimicking user actions thus alleviating workload human workforce RPA has already seen significant uptake in practice solution technologies are offered multiple vendors Contrasting this early practical adoption is hitherto relative lack attention academic literature As a consequence lacks sound theoretical foundations that allow objective reasoning around its and development This turn hinders initiatives achieving meaningful advances field This paper presents structured literature review identifies number contemporary RPArelated themes challenges future research,applic robot process autom rpa organis aim increas oper effici rpa robot bot short repres softwar agent capabl interact system mimick user action thu allevi workload human workforc rpa alreadi seen signific uptak practic solut technolog offer multipl vendor contrast earli practic adopt hitherto rel lack attent academ literatur consequ lack sound theoret foundat allow object reason around develop turn hinder initi achiev meaning advanc field paper present structur literatur review identifi number contemporari rparel theme challeng futur research,application robotic process automation rpa organisation aim increase operational efficiency rpa robot bot short represent software agent capable interact system mimic user action alleviate workload human workforce rpa see significant uptake practice solution technology offer multiple vendor contrast early practical adoption hitherto relative lack attention academic literature consequence lack sound theoretical foundation allow objective reasoning development turn hinder initiative achieve meaningful advance field paper present structured literature review identify number contemporary rparelate theme challenge future research
Robotic Process Automation for Auditing,"ABSTRACT The advent of Robotic Process Automation (RPA) has the potential to disrupt traditional audit model. With its capability automate rules-based tasks that are repetitive and manual, RPA is expected repurpose role auditor by replacing perfunctory emphasizing higher order thinking skills will eventually lead enhanced quality. This editorial envisages future introducing concept describing usage in auditing. Moreover, considerations for RPA-based audits a series research questions presented with objective create dialogue this evolutionary area.",2018-07-01,https://doi.org/10.2308/jeta-10589,"Kevin Moffitt, Andrea M. Rozario, Miklos A. Vasarhelyi",255,ABSTRACT The advent of Robotic Process Automation RPA has the potential to disrupt traditional audit model With its capability automate rulesbased tasks that are repetitive and manual RPA is expected repurpose role auditor by replacing perfunctory emphasizing higher order thinking skills will eventually lead enhanced quality This editorial envisages future introducing concept describing usage in auditing Moreover considerations for RPAbased audits a series research questions presented with objective create dialogue this evolutionary area,abstract advent robot process autom rpa potenti disrupt tradit audit model capabl autom rulesbas task repetit manual rpa expect repurpos role auditor replac perfunctori emphas higher order think skill eventu lead enhanc qualiti editori envisag futur introduc concept describ usag audit moreov consider rpabas audit seri research question present object creat dialogu evolutionari area,abstract advent robotic process automation rpa potential disrupt traditional audit model capability automate rulesbase task repetitive manual rpa expect repurpose role auditor replace perfunctory emphasize high order thinking skill eventually lead enhanced quality editorial envisage future introduce concept describe usage auditing consideration rpabased audits series research question present objective create dialogue evolutionary area
Robotics and Automation Handbook,"The History of Robotics, Wesley L. Stone Rigid-Body Kinematics, Gregorg S. Chirikjian Inverse Bill Goodwine Newton-Euler Dynamics Robots, Mark Nagurka Lagrangian Dynamics, Milo?s ? Zefran and Francesco Bullo Kane's Method in Keith W. Buffinton Systems Interacting Rigid Bodies, Kenneth A. Loparo Ioannis Vakalis D-H Convention, Jaydev P. Desai Trajectory Planning for Flexible William E. Singhose Error Budgeting, Daniel D. Frey Design Robotic End Effectors, Hodge Jenkins Sensors, Jeanne Sullivan Falcon Precision Positioning Rotary Linear Systems, Stephen Ludwick Modeling Identification Robot Motion Control, Dragan Kosti'c, Bram de Jager, Maarten Steinbuch Control by Feedback Methods, Force/Impedance Manipulators, Siddharth Nagarkatti Darren M. Dawson Robust Adaptive Spong Sliding Mode Hector Gutierrez Impedance Interaction Neville Hogan Buerger Coordinated Multiple Kazuhiro Kosuge Yasuhisa Hirata Simulation, Lonnie J. Love Survey Geometric Vision, Kun Huang Yi Ma Haptic Interface to Virtual Environments, R. Brent Gillespie Arms, Wayne Book Robotics Medical Applications, Chris Raanes Mohan Bodduluri Manufacturing Automation,",2018-10-03,https://doi.org/10.1201/9781315220352,Thomas R. Kurfess,224,The History of Robotics Wesley L Stone RigidBody Kinematics Gregorg S Chirikjian Inverse Bill Goodwine NewtonEuler Dynamics Robots Mark Nagurka Lagrangian Dynamics Milos  Zefran and Francesco Bullo Kanes Method in Keith W Buffinton Systems Interacting Rigid Bodies Kenneth A Loparo Ioannis Vakalis DH Convention Jaydev P Desai Trajectory Planning for Flexible William E Singhose Error Budgeting Daniel D Frey Design Robotic End Effectors Hodge Jenkins Sensors Jeanne Sullivan Falcon Precision Positioning Rotary Linear Systems Stephen Ludwick Modeling Identification Robot Motion Control Dragan Kostic Bram de Jager Maarten Steinbuch Control by Feedback Methods ForceImpedance Manipulators Siddharth Nagarkatti Darren M Dawson Robust Adaptive Spong Sliding Mode Hector Gutierrez Impedance Interaction Neville Hogan Buerger Coordinated Multiple Kazuhiro Kosuge Yasuhisa Hirata Simulation Lonnie J Love Survey Geometric Vision Kun Huang Yi Ma Haptic Interface to Virtual Environments R Brent Gillespie Arms Wayne Book Robotics Medical Applications Chris Raanes Mohan Bodduluri Manufacturing Automation,histori robot wesley l stone rigidbodi kinemat gregorg chirikjian invers bill goodwin newtoneul dynam robot mark nagurka lagrangian dynam milo zefran francesco bullo kane method keith w buffinton system interact rigid bodi kenneth loparo ioanni vakali dh convent jaydev p desai trajectori plan flexibl william e singhos error budget daniel frey design robot end effector hodg jenkin sensor jeann sullivan falcon precis posit rotari linear system stephen ludwick model identif robot motion control dragan kostic bram de jager maarten steinbuch control feedback method forceimped manipul siddharth nagarkatti darren dawson robust adapt spong slide mode hector gutierrez imped interact nevil hogan buerger coordin multipl kazuhiro kosug yasuhisa hirata simul lonni j love survey geometr vision kun huang yi haptic interfac virtual environ r brent gillespi arm wayn book robot medic applic chri raan mohan bodduluri manufactur autom,history robotic wesley l stone rigidbody kinematics gregorg s chirikjian inverse bill goodwine newtoneuler dynamic robot mark nagurka lagrangian dynamic milos zefran francesco bullo kane method keith w buffinton system interact rigid body kenneth loparo ioannis vakalis dh convention jaydev p desai trajectory planning flexible william e singhose error budgeting daniel d frey design robotic end effector hodge jenkins sensor jeanne sullivan falcon precision position rotary linear system stephen ludwick modeling identification robot motion control dragan kostic bram de jager maarten steinbuch control feedback method forceimpedance manipulator siddharth nagarkatti darren m dawson robust adaptive spong slide mode hector gutierrez impedance interaction neville hogan buerger coordinate multiple kazuhiro kosuge yasuhisa hirata simulation lonnie j love survey geometric vision kun huang yi ma haptic interface virtual environment r brent gillespie arms wayne book robotic medical application chris raanes mohan bodduluri manufacturing automation
Robotic process automation,"Within digital transformation, which is continuously progressing, robotic process automation (RPA) drawing much corporate attention. While RPA a popular topic in the world, academic research lacks theoretical and synoptic analysis of RPA. Conducting literature review tool analysis, we propose – holistic structured way four traits that characterize RPA, providing orientation as well focus for further research. Software robots automate processes originally performed by human work. Thus, software follow choreography technological modules control flow operators while operating within IT ecosystems using established applications. Ease-of-use adaptability allow companies to conceive implement through (agile) projects. Organizational strategy, governance structures, management systems therefore must address both direct effects automating their indirect impacts on firms.",2019-11-04,https://doi.org/10.1007/s12525-019-00365-8,"Peter Hofmann, Caroline Samp, Nils Urbach",220,Within digital transformation which is continuously progressing robotic process automation RPA drawing much corporate attention While RPA a popular topic in the world academic research lacks theoretical and synoptic analysis of RPA Conducting literature review tool analysis we propose  holistic structured way four traits that characterize RPA providing orientation as well focus for further research Software robots automate processes originally performed by human work Thus software follow choreography technological modules control flow operators while operating within IT ecosystems using established applications Easeofuse adaptability allow companies to conceive implement through agile projects Organizational strategy governance structures management systems therefore must address both direct effects automating their indirect impacts on firms,within digit transform continu progress robot process autom rpa draw much corpor attent rpa popular topic world academ research lack theoret synopt analysi rpa conduct literatur review tool analysi propos holist structur way four trait character rpa provid orient well focu research softwar robot autom process origin perform human work thu softwar follow choreographi technolog modul control flow oper oper within ecosystem use establish applic easeofus adapt allow compani conceiv implement agil project organiz strategi govern structur manag system therefor must address direct effect autom indirect impact firm,digital transformation continuously progress robotic process automation rpa draw corporate attention rpa popular topic world academic research lack theoretical synoptic analysis rpa conduct literature review tool analysis propose holistic structured way trait characterize rpa provide orientation focus research software robot automate process originally perform human work software follow choreography technological module control flow operator operate ecosystem establish application easeofuse adaptability allow company conceive implement agile project organizational strategy governance structure management system address direct effect automate indirect impact firm
Automation of a Business Process Using Robotic Process Automation (RPA): A Case Study,"Robotic Process Automation (RPA) emerges as software based solution to automate rules-based business processes that involve routine tasks, structured data and deterministic outcomes. Recent studies report the benefits of application RPA in terms productivity, costs, speed error reduction. Most these applications were carried out on back office process where customer is not directly involved, therefor a case study was conducted BPO provider verify results applying service with front activities. The show productivity improvement main benefit RPA, nevertheless time reduction achieved this case.",2017-01-01,https://doi.org/10.1007/978-3-319-66963-2_7,"Santiago Aguirre, Alejandro Rodríguez",309,Robotic Process Automation RPA emerges as software based solution to automate rulesbased business processes that involve routine tasks structured data and deterministic outcomes Recent studies report the benefits of application RPA in terms productivity costs speed error reduction Most these applications were carried out on back office process where customer is not directly involved therefor a case study was conducted BPO provider verify results applying service with front activities The show productivity improvement main benefit RPA nevertheless time reduction achieved this case,robot process autom rpa emerg softwar base solut autom rulesbas busi process involv routin task structur data determinist outcom recent studi report benefit applic rpa term product cost speed error reduct applic carri back offic process custom directli involv therefor case studi conduct bpo provid verifi result appli servic front activ show product improv main benefit rpa nevertheless time reduct achiev case,robotic process automation rpa emerge software base solution automate rulesbased business process involve routine task structured datum deterministic outcome recent study report benefit application rpa term productivity cost speed error reduction application carry office process customer directly involve therefor case study conduct bpo provider verify result apply service activity productivity improvement main benefit rpa time reduction achieve case
Robotic Process Automation in Public Accounting,"SYNOPSIS We investigate the implementation of Robotic Process Automation (RPA) software in public accounting by interviewing RPA leaders at Big 4 firms. automates input, processing, and output data to streamline repetitive, mundane tasks. Many our findings are unique accounting. For instance, participants report tax services furthest along adoption, followed advisory assurance services. Furthermore, has not impacted fees, but there is concern that clients may desire fee reductions due decreased employee hours. Finally, unlike other technology implementations, adoption driven primarily lower-level employees. Similar domains, results indicate massive efficiency effectiveness gains from implementation. Also, interviewees do expect reduced head count result use. This study first discuss benefits, opportunities, challenges implementing serves as a catalyst for future research.",2019-06-01,https://doi.org/10.2308/acch-52466,"Lauren Cooper, D. Kip Holderness, Trevor L. Sorensen, David A. Wood",218,SYNOPSIS We investigate the implementation of Robotic Process Automation RPA software in public accounting by interviewing RPA leaders at Big 4 firms automates input processing and output data to streamline repetitive mundane tasks Many our findings are unique accounting For instance participants report tax services furthest along adoption followed advisory assurance services Furthermore has not impacted fees but there is concern that clients may desire fee reductions due decreased employee hours Finally unlike other technology implementations adoption driven primarily lowerlevel employees Similar domains results indicate massive efficiency effectiveness gains from implementation Also interviewees do expect reduced head count result use This study first discuss benefits opportunities challenges implementing serves as a catalyst for future research,synopsi investig implement robot process autom rpa softwar public account interview rpa leader big 4 firm autom input process output data streamlin repetit mundan task mani find uniqu account instanc particip report tax servic furthest along adopt follow advisori assur servic furthermor impact fee concern client may desir fee reduct due decreas employe hour final unlik technolog implement adopt driven primarili lowerlevel employe similar domain result indic massiv effici effect gain implement also interviewe expect reduc head count result use studi first discuss benefit opportun challeng implement serv catalyst futur research,synopsis investigate implementation robotic process automation rpa software public accounting interview rpa leader big firm automate input processing output datum streamline repetitive mundane task finding unique accounting instance participant report tax service furth adoption follow advisory assurance service furthermore impact fee concern client desire fee reduction decrease employee hour finally unlike technology implementation adoption drive primarily lowerlevel employee similar domain result indicate massive efficiency effectiveness gain implementation interviewee expect reduce head count result use study discuss benefit opportunity challenge implement serve catalyst future research
The Future Digital Work Force: Robotic Process Automation (RPA),"The Robotic Process Automation (RPA) is a new wave of future technologies. one the most advanced technologies in area computers science, electronic and communications, mechanical engineering, information technology. It combination both hardware software, networking automation for doing things very simple. In this light, research manuscript investigated secondary data - which available on google, academic databases. investigation went totally 6 months, i.e., 1-1-2018 to 30-6-2018. A few empirical articles, white papers, blogs were found RPA came across compose manuscript. This study exploratory nature because contemporary phenomenon. keywords used searching database Automation, RPA, Robots, Artificial Intelligence, Blue Prism. finally discovered that Robots are becoming compulsory as part do business operations organizations globe. can bring immediate value core processes including employee payroll, status changes, hire recruitment, onboarding, accounts receivable payable, invoice processing, inventory management, report creation, software installations, migration, vendor onboarding etc. name applications. Besides, has abundant applications healthcare pharmaceuticals, financial services, outsourcing, retail, telecom, energy utilities, real estate FMCG many more sectors. To put right place operations, their allied working at background level, artificial intelligence, machine learning, deep analytics, HR virtual reality (second life), home automation, blockchain technologies, 4D printing Moreover, it covers content different start-ups companies existing world. will be good guideline academicians, researchers, students, practitioners get an overall idea.",2019-01-30,https://doi.org/10.4301/s1807-1775201916001,"Somayya Madakam, Rajesh M. Holmukhe, Durgesh Kumar Jaiswal",272,The Robotic Process Automation RPA is a new wave of future technologies one the most advanced technologies in area computers science electronic and communications mechanical engineering information technology It combination both hardware software networking automation for doing things very simple In this light research manuscript investigated secondary data  which available on google academic databases investigation went totally 6 months ie 112018 to 3062018 A few empirical articles white papers blogs were found RPA came across compose manuscript This study exploratory nature because contemporary phenomenon keywords used searching database Automation RPA Robots Artificial Intelligence Blue Prism finally discovered that Robots are becoming compulsory as part do business operations organizations globe can bring immediate value core processes including employee payroll status changes hire recruitment onboarding accounts receivable payable invoice processing inventory management report creation software installations migration vendor onboarding etc name applications Besides has abundant applications healthcare pharmaceuticals financial services outsourcing retail telecom energy utilities real estate FMCG many more sectors To put right place operations their allied working at background level artificial intelligence machine learning deep analytics HR virtual reality second life home automation blockchain technologies 4D printing Moreover it covers content different startups companies existing world will be good guideline academicians researchers students practitioners get an overall idea,robot process autom rpa new wave futur technolog one advanc technolog area comput scienc electron commun mechan engin inform technolog combin hardwar softwar network autom thing simpl light research manuscript investig secondari data avail googl academ databas investig went total 6 month ie 112018 3062018 empir articl white paper blog found rpa came across compos manuscript studi exploratori natur contemporari phenomenon keyword use search databas autom rpa robot artifici intellig blue prism final discov robot becom compulsori part busi oper organ globe bring immedi valu core process includ employe payrol statu chang hire recruit onboard account receiv payabl invoic process inventori manag report creation softwar instal migrat vendor onboard etc name applic besid abund applic healthcar pharmaceut financi servic outsourc retail telecom energi util real estat fmcg mani sector put right place oper alli work background level artifici intellig machin learn deep analyt hr virtual realiti second life home autom blockchain technolog 4d print moreov cover content differ startup compani exist world good guidelin academician research student practition get overal idea,robotic process automation rpa new wave future technology advanced technology area computer science electronic communication mechanical engineering information technology combination hardware software networking automation thing simple light research manuscript investigate secondary datum available google academic database investigation go totally month ie empirical article white paper blog find rpa come compose manuscript study exploratory nature contemporary phenomenon keyword search database automation rpa robot artificial intelligence blue prism finally discover robot compulsory business operation organization globe bring immediate value core process include employee payroll status change hire recruitment onboarding account receivable payable invoice process inventory management report creation software installation migration vendor onboarde etc application abundant application healthcare pharmaceutical financial service outsource retail telecom energy utility real estate fmcg sector right place operation ally working background level artificial intelligence machine learn deep analytic hr virtual reality second life home automation blockchain technology print cover content different startup company exist world good guideline academician researcher student practitioner overall idea
Turning robotic process automation into commercial success – Case OpusCapita,"OpusCapita Group is a Finnish company offering financial processes and outsourcing services to medium-sized companies large corporations. particularly focuses on comprehensive Purchase-to-Pay Order-to-Cash processes. In hopes stay ahead of the curve in process automation, betting Robotic Process Automation (RPA). This teaching case presents challenges faced by Mr. Petri Karjalainen, Senior Vice President at Group, who looking for ways introduce RPA market, provide added value new existing customers.",2016-11-01,https://doi.org/10.1057/jittc.2016.5,"Aleksandre Asatiani, Esko Penttinen",225,OpusCapita Group is a Finnish company offering financial processes and outsourcing services to mediumsized companies large corporations particularly focuses on comprehensive PurchasetoPay OrdertoCash processes In hopes stay ahead of the curve in process automation betting Robotic Process Automation RPA This teaching case presents challenges faced by Mr Petri Karjalainen Senior Vice President at Group who looking for ways introduce RPA market provide added value new existing customers,opuscapita group finnish compani offer financi process outsourc servic mediums compani larg corpor particularli focus comprehens purchasetopay ordertocash process hope stay ahead curv process autom bet robot process autom rpa teach case present challeng face mr petri karjalainen senior vice presid group look way introduc rpa market provid ad valu new exist custom,opuscapita group finnish company offer financial process outsourcing service mediumsize company large corporation particularly focus comprehensive purchasetopay ordertocash process hope stay ahead curve process automation bet robotic process automation rpa teaching case present challenge face mr petri karjalainen senior vice president group look way introduce rpa market provide add value new exist customer
Towards a core ontology for robotics and automation,"In this paper, we present the current results of newly formed IEEE-RAS Working Group, named Ontologies for Robotics and Automation. particular, introduce a core ontology that encompasses set terms commonly used in Automation along with methodology have adopted. Our work uses ISO/FDIS 8373 standard developed by ISO/TC184/SC2 Group as reference. This defines, natural language, some generic which are common such robot, robotic device, etc. Furthermore, discuss development process employed problems decisions taken.",2013-11-01,https://doi.org/10.1016/j.robot.2013.04.005,"Edson Prestes, Joel Luís Carbonera, Sandro Rama Fiorini, Vitor A. M. Jorge, Mara Abel, Raj Madhavan, Angela Locoro, Paulo Gonçalves, Marcos Barreto, Maki K. Habib, Abdelghani Chibani, Sébastien Gérard, Yacine Amirat, Craig Schlenoff",170,In this paper we present the current results of newly formed IEEERAS Working Group named Ontologies for Robotics and Automation particular introduce a core ontology that encompasses set terms commonly used in Automation along with methodology have adopted Our work uses ISOFDIS 8373 standard developed by ISOTC184SC2 Group as reference This defines natural language some generic which are common such robot robotic device etc Furthermore discuss development process employed problems decisions taken,paper present current result newli form ieeera work group name ontolog robot autom particular introduc core ontolog encompass set term commonli use autom along methodolog adopt work use isofdi 8373 standard develop isotc184sc2 group refer defin natur languag gener common robot robot devic etc furthermor discuss develop process employ problem decis taken,paper present current result newly form ieeeras working group name ontology robotic automation particular introduce core ontology encompass set term commonly automation methodology adopt work use isofdis standard develop group reference define natural language generic common robot robotic device etc furthermore discuss development process employ problem decision take
Control Problems in Robotics and Automation,"Focusing on the important control problems in state-of-the-art robotics and automation, this volume features invited papers from a workshop held at CDC, San Diego, California. As well as looking cu",1998-01-01,https://doi.org/10.1007/bfb0015072,"Bruno Siciliano, George A. Bekey",128,Focusing on the important control problems in stateoftheart robotics and automation this volume features invited papers from a workshop held at CDC San Diego California As well as looking cu,focus import control problem stateoftheart robot autom volum featur invit paper workshop held cdc san diego california well look cu,focus important control problem stateoftheart robotic automation volume feature invite paper workshop hold cdc san diego california look cu
Robotic Process Automation and Artificial Intelligence in Industry 4.0 – A Literature review,"Taking into account the technological evolution of last decades and proliferation information systems in society, today we see vast majority services provided by companies institutions as digital services. Industry 4.0 is fourth industrial revolution where technologies automation are asserting themselves major changes. Robotic Process Automation (RPA) has numerous advantages terms automating organizational business processes. Allied to these advantages, complementary use Artificial Intelligence (AI) algorithms techniques allows improve accuracy execution RPA processes extraction information, recognition, classification, forecasting optimization In this context, paper aims present a study tools associated with AI that can contribute improvement 4.0. It appears enhance their functionality objectives being extended Neural Network algorithms, Text Mining Natural Language Processing for consequent process scenarios improving operational organizations.",2021-01-01,https://doi.org/10.1016/j.procs.2021.01.104,"Jorge Ribeiro, Rui Lima, Tiago Eckhardt, Sara Paiva",251,Taking into account the technological evolution of last decades and proliferation information systems in society today we see vast majority services provided by companies institutions as digital services Industry 40 is fourth industrial revolution where technologies automation are asserting themselves major changes Robotic Process Automation RPA has numerous advantages terms automating organizational business processes Allied to these advantages complementary use Artificial Intelligence AI algorithms techniques allows improve accuracy execution RPA processes extraction information recognition classification forecasting optimization In this context paper aims present a study tools associated with AI that can contribute improvement 40 It appears enhance their functionality objectives being extended Neural Network algorithms Text Mining Natural Language Processing for consequent process scenarios improving operational organizations,take account technolog evolut last decad prolifer inform system societi today see vast major servic provid compani institut digit servic industri 40 fourth industri revolut technolog autom assert major chang robot process autom rpa numer advantag term autom organiz busi process alli advantag complementari use artifici intellig ai algorithm techniqu allow improv accuraci execut rpa process extract inform recognit classif forecast optim context paper aim present studi tool associ ai contribut improv 40 appear enhanc function object extend neural network algorithm text mine natur languag process consequ process scenario improv oper organ,take account technological evolution decade proliferation information system society today vast majority service provide company institution digital service industry fourth industrial revolution technology automation assert major change robotic process automation rpa numerous advantage term automate organizational business process ally advantage complementary use artificial intelligence ai algorithm technique allow improve accuracy execution rpa process extraction information recognition classification forecasting optimization context paper aim present study tool associate ai contribute improvement appear enhance functionality objective extend neural network algorithm text mining natural language processing consequent process scenario improve operational organization
Applying robotic process automation (RPA) in auditing: A framework,"Robotic process automation (RPA) has been widely adopted in many industries, including the accounting industry, to automate well-defined and repetitive tasks; however, its application auditing lagged behind because of unique nature this industry. This study applies RPA area. An framework is proposed that frees auditors from doing low-judgment audit tasks enables them focus on require professional judgment. paper also demonstrates feasibility by implementing a pilot project confirmation process.",2019-12-01,https://doi.org/10.1016/j.accinf.2019.100433,"Feiqi Huang, Miklos A. Vasarhelyi",185,Robotic process automation RPA has been widely adopted in many industries including the accounting industry to automate welldefined and repetitive tasks however its application auditing lagged behind because of unique nature this industry This study applies RPA area An framework is proposed that frees auditors from doing lowjudgment audit tasks enables them focus on require professional judgment paper also demonstrates feasibility by implementing a pilot project confirmation process,robot process autom rpa wide adopt mani industri includ account industri autom welldefin repetit task howev applic audit lag behind uniqu natur industri studi appli rpa area framework propos free auditor lowjudg audit task enabl focu requir profession judgment paper also demonstr feasibl implement pilot project confirm process,robotic process automation rpa widely adopt industry include accounting industry automate welldefine repetitive task application auditing lag unique nature industry study apply rpa area framework propose free auditor lowjudgment audit task enable focus require professional judgment paper demonstrate feasibility implement pilot project confirmation process
An IEEE standard Ontology for Robotics and Automation,"This article discusses a newly formed IEEE-RAS working group entitled Ontologies for Robotics and Automation (ORA). The goal of this is to develop standard ontology associated methodology knowledge representation reasoning in robotics automation, together with the concepts an initial set application domains. provides unified way representing common terms definitions, allowing unambiguous transfer among any humans, robots, other artificial systems. In addition describing structure group, gives some examples how ontology, once developed, can be used by applications such as industrial kitting.",2012-10-01,https://doi.org/10.1109/iros.2012.6385518,"Craig Schlenoff, Edson Prestes, Raj Madhavan, Paulo Gonçalves, Howard Li, Stephen Balakirsky, Thomas Krämer, Emilio Miguelañez",109,This article discusses a newly formed IEEERAS working group entitled Ontologies for Robotics and Automation ORA The goal of this is to develop standard ontology associated methodology knowledge representation reasoning in robotics automation together with the concepts an initial set application domains provides unified way representing common terms definitions allowing unambiguous transfer among any humans robots other artificial systems In addition describing structure group gives some examples how ontology once developed can be used by applications such as industrial kitting,articl discuss newli form ieeera work group entitl ontolog robot autom ora goal develop standard ontolog associ methodolog knowledg represent reason robot autom togeth concept initi set applic domain provid unifi way repres common term definit allow unambigu transfer among human robot artifici system addit describ structur group give exampl ontolog develop use applic industri kit,article discuss newly form ieeeras working group entitle ontology robotic automation ora goal develop standard ontology associate methodology knowledge representation reasoning robotic automation concept initial set application domain provide unified way represent common term definition allow unambiguous transfer human robot artificial system addition describe structure group give example ontology develop application industrial kitting
Economics of robots and automation in field crop production,"This study reviewed research published after 1990 on the economics of agricultural mechatronic automation and robotics, identified gaps. A systematic search was conducted from following databases: ScienceDirect, Business Source Complete, Wiley, Emerald, CAB Abstract, Greenfile, Food Science AgEcon Search. 4817 documents. The screening abstracts narrowed range to a dataset 119 full text After eligibility assessment, 18 studies were subjected qualitative analysis, with ten focused specific horticultural operations eight related autonomous equipment. All found some scenarios in which robotic technologies profitable. Most employed partial budgeting considering only costs revenues directly changed by introduction or robotics assuming everything else constant. None examined cropping system changes, regional national impacts markets, trade labour demand. review need for in-depth economic implications technology. estimated that technology design parameters achieved and/or based data prototypes. Data are needed benefits problems using farm. context agriculture developed countries, but many world’s most pressing developing world. Economic social is understand those country problems, guide engineers scientists creating solutions.",2019-05-17,https://doi.org/10.1007/s11119-019-09667-5,"James Lowenberg‐DeBoer, Iona Yuelu Huang, Vasileios Grigoriadis, Simon Blackmore",139,This study reviewed research published after 1990 on the economics of agricultural mechatronic automation and robotics identified gaps A systematic search was conducted from following databases ScienceDirect Business Source Complete Wiley Emerald CAB Abstract Greenfile Food Science AgEcon Search 4817 documents The screening abstracts narrowed range to a dataset 119 full text After eligibility assessment 18 studies were subjected qualitative analysis with ten focused specific horticultural operations eight related autonomous equipment All found some scenarios in which robotic technologies profitable Most employed partial budgeting considering only costs revenues directly changed by introduction or robotics assuming everything else constant None examined cropping system changes regional national impacts markets trade labour demand review need for indepth economic implications technology estimated that technology design parameters achieved andor based data prototypes Data are needed benefits problems using farm context agriculture developed countries but many worlds most pressing developing world Economic social is understand those country problems guide engineers scientists creating solutions,studi review research publish 1990 econom agricultur mechatron autom robot identifi gap systemat search conduct follow databas sciencedirect busi sourc complet wiley emerald cab abstract greenfil food scienc agecon search 4817 document screen abstract narrow rang dataset 119 full text elig assess 18 studi subject qualit analysi ten focus specif horticultur oper eight relat autonom equip found scenario robot technolog profit employ partial budget consid cost revenu directli chang introduct robot assum everyth els constant none examin crop system chang region nation impact market trade labour demand review need indepth econom implic technolog estim technolog design paramet achiev andor base data prototyp data need benefit problem use farm context agricultur develop countri mani world press develop world econom social understand countri problem guid engin scientist creat solut,study review research publish economic agricultural mechatronic automation robotic identify gap systematic search conduct follow database sciencedirect business source complete wiley emerald cab abstract greenfile food science agecon search document screening abstract narrow range dataset text eligibility assessment study subject qualitative analysis focus specific horticultural operation relate autonomous equipment find scenario robotic technology profitable employ partial budgeting consider cost revenue directly change introduction robotic assume constant examine cropping system change regional national impact market trade labour demand review need indepth economic implication technology estimate technology design parameter achieve andor base datum prototype datum need benefit problem farm context agriculture develop country world press develop world economic social understand country problem guide engineer scientist create solution
Early evidence of digital labor in accounting: Innovation with Robotic Process Automation,"Robotic Process Automation (RPA) is an emerging technology that enables the automation of rules-based business processes and tasks through use software bots. Drawing upon theory Task-Technology Fit (TTF) Technology-to-Performance Chain (TPC) (Goodhue Thompson 1995) research on expert systems (Messier Hansen 1987; Sutton 1990), this study explores themes surrounding bot implementation for accounting finance tasks. We collect analyze interview data from adopters RPA document task suitability, task-technology fit, issues, resulting performance outcomes. find securing technical capability only a part process. Organizations engage in standardization optimization processes, develop scorecard-like tools to rank tasks, adjust governance structures include digital employees, redefine internal controls. benefit automating certain those are structured, repeated, rules-based, with inputs. Along cost savings, organizations experience improved process documentation, lower error rates, more accurate measurement performance, better report quality.",2019-12-01,https://doi.org/10.1016/j.accinf.2019.100431,"Julia Kokina, Shay Blanchette",175,Robotic Process Automation RPA is an emerging technology that enables the automation of rulesbased business processes and tasks through use software bots Drawing upon theory TaskTechnology Fit TTF TechnologytoPerformance Chain TPC Goodhue Thompson 1995 research on expert systems Messier Hansen 1987 Sutton 1990 this study explores themes surrounding bot implementation for accounting finance tasks We collect analyze interview data from adopters RPA document task suitability tasktechnology fit issues resulting performance outcomes find securing technical capability only a part process Organizations engage in standardization optimization processes develop scorecardlike tools to rank tasks adjust governance structures include digital employees redefine internal controls benefit automating certain those are structured repeated rulesbased with inputs Along cost savings organizations experience improved process documentation lower error rates more accurate measurement performance better report quality,robot process autom rpa emerg technolog enabl autom rulesbas busi process task use softwar bot draw upon theori tasktechnolog fit ttf technologytoperform chain tpc goodhu thompson 1995 research expert system messier hansen 1987 sutton 1990 studi explor theme surround bot implement account financ task collect analyz interview data adopt rpa document task suitabl tasktechnolog fit issu result perform outcom find secur technic capabl part process organ engag standard optim process develop scorecardlik tool rank task adjust govern structur includ digit employe redefin intern control benefit autom certain structur repeat rulesbas input along cost save organ experi improv process document lower error rate accur measur perform better report qualiti,robotic process automation rpa emerge technology enable automation rulesbased business process task use software bot draw theory tasktechnology fit ttf technologytoperformance chain tpc goodhue thompson research expert system messy hansen sutton study explore theme surround bot implementation accounting finance task collect analyze interview datum adopter rpa document task suitability tasktechnology fit issue result performance outcome find secure technical capability process organization engage standardization optimization process develop scorecardlike tool rank task adjust governance structure include digital employee redefine internal control benefit automate certain structure repeat rulesbase input cost saving organization experience improve process documentation low error rate accurate measurement performance well report quality
Robotics and automation in the city: a research agenda,"Globally cities are becoming experimental sites for new forms of robotic and automation technologies applied across a wide variety sectors in multiple areas economic social life. As these innovations leave the laboratory factory, this paper analyzes how robotics systems being layered upon existing urban digital networks, extending capabilities capacities human agency infrastructure reshaping city citizen’s everyday experiences. To date, most work field has been speculative isolated nature. We set out research agenda that goes beyond analysis discrete applications effects, to investigate connect domains implications differential geographies, selective enhancement individuals collective management infrastructures, socio-spatial sorting potential responsible innovation.",2019-12-31,https://doi.org/10.1080/02723638.2019.1698868,"Rachel Macrorie, Simon Marvin, Aidan While",108,Globally cities are becoming experimental sites for new forms of robotic and automation technologies applied across a wide variety sectors in multiple areas economic social life As these innovations leave the laboratory factory this paper analyzes how robotics systems being layered upon existing urban digital networks extending capabilities capacities human agency infrastructure reshaping city citizens everyday experiences To date most work field has been speculative isolated nature We set out research agenda that goes beyond analysis discrete applications effects to investigate connect domains implications differential geographies selective enhancement individuals collective management infrastructures sociospatial sorting potential responsible innovation,global citi becom experiment site new form robot autom technolog appli across wide varieti sector multipl area econom social life innov leav laboratori factori paper analyz robot system layer upon exist urban digit network extend capabl capac human agenc infrastructur reshap citi citizen everyday experi date work field specul isol natur set research agenda goe beyond analysi discret applic effect investig connect domain implic differenti geographi select enhanc individu collect manag infrastructur sociospati sort potenti respons innov,globally city experimental site new form robotic automation technology apply wide variety sector multiple area economic social life innovation leave laboratory factory paper analyze robotic system layer exist urban digital network extend capability capacity human agency infrastructure reshape city citizen everyday experience date work field speculative isolated nature set research agenda go analysis discrete application effect investigate connect domain implication differential geography selective enhancement individual collective management infrastructure sociospatial sort potential responsible innovation
Robotic Process Automation: A Scientific and Industrial Systematic Mapping Study,"The automation of robotic processes has been experiencing an increasing trend interest in recent times. However, most literature describes only theoretical foundations on RPA or industrial results after implementing specific scenarios, especially finance and outsourcing. This paper presents a systematic mapping study with the aim analyzing current state-of-the-art identifying existing gaps both, scientific literature. Firstly, this in-depth analysis 54 primary studies which formally describe state art RPA. These were selected as result conducting phase review. Secondly, considering performed by Forrester, reviews 14 main commercial tools RPA, based classification framework defined 48 functionalities evaluating coverage each them. concludes that there are certain phases lifecycle already solved market. Analysis is not covered tools. lack such mainly reflected absence technological solutions to look for best candidate organization be automated. Finally, some future directions challenges presented.",2020-01-01,https://doi.org/10.1109/access.2020.2974934,"José Matías Rivero, Andres J. Ramirez, Francisco José Domínguez Mayo, J. A. Garcia-Garcia",131,The automation of robotic processes has been experiencing an increasing trend interest in recent times However most literature describes only theoretical foundations on RPA or industrial results after implementing specific scenarios especially finance and outsourcing This paper presents a systematic mapping study with the aim analyzing current stateoftheart identifying existing gaps both scientific literature Firstly this indepth analysis 54 primary studies which formally describe state art RPA These were selected as result conducting phase review Secondly considering performed by Forrester reviews 14 main commercial tools RPA based classification framework defined 48 functionalities evaluating coverage each them concludes that there are certain phases lifecycle already solved market Analysis is not covered tools lack such mainly reflected absence technological solutions to look for best candidate organization be automated Finally some future directions challenges presented,autom robot process experienc increas trend interest recent time howev literatur describ theoret foundat rpa industri result implement specif scenario especi financ outsourc paper present systemat map studi aim analyz current stateoftheart identifi exist gap scientif literatur firstli indepth analysi 54 primari studi formal describ state art rpa select result conduct phase review secondli consid perform forrest review 14 main commerci tool rpa base classif framework defin 48 function evalu coverag conclud certain phase lifecycl alreadi solv market analysi cover tool lack mainli reflect absenc technolog solut look best candid organ autom final futur direct challeng present,automation robotic process experience increase trend interest recent time literature describe theoretical foundation rpa industrial result implement specific scenario especially finance outsource paper present systematic mapping study aim analyze current stateoftheart identify exist gap scientific literature firstly indepth analysis primary study formally describe state art rpa select result conduct phase review secondly consider perform forrester review main commercial tool rpa base classification framework define functionality evaluate coverage conclude certain phase lifecycle solve market analysis cover tool lack mainly reflect absence technological solution look good candidate organization automate finally future direction challenge present
Robotic Process Automation: Strategic Transformation Lever for Global Business Services?,"The case presents a series of dilemmas facing senior executives thinking through the potential application robotic process automation (RPA) into human resource (HR) function and global business service (GBS) operations. are pointed to successful RPA implementation by provider Xchanging, operating in back office London insurance market. teaching focuses on what can be learned from that experience, how their own use may differ HR GBS contexts. requires important decisions made about for cognitive automation, type deployed, implement effectively contexts, whether tactically or strategically, if latter, implications this decision. Students practitioners will gain insight landscape, risks, challenges, effective deployment, lean plan (a) strategy building mature capability, (b) mitigate (c) progress launch, change management detailed multiple",2017-05-01,https://doi.org/10.1057/s41266-016-0016-9,"Leslie P. Willcocks, Mary C. Lacity, Andrew Craig",130,The case presents a series of dilemmas facing senior executives thinking through the potential application robotic process automation RPA into human resource HR function and global business service GBS operations are pointed to successful RPA implementation by provider Xchanging operating in back office London insurance market teaching focuses on what can be learned from that experience how their own use may differ HR GBS contexts requires important decisions made about for cognitive automation type deployed implement effectively contexts whether tactically or strategically if latter implications this decision Students practitioners will gain insight landscape risks challenges effective deployment lean plan a strategy building mature capability b mitigate c progress launch change management detailed multiple,case present seri dilemma face senior execut think potenti applic robot process autom rpa human resourc hr function global busi servic gb oper point success rpa implement provid xchang oper back offic london insur market teach focus learn experi use may differ hr gb context requir import decis made cognit autom type deploy implement effect context whether tactic strateg latter implic decis student practition gain insight landscap risk challeng effect deploy lean plan strategi build matur capabl b mitig c progress launch chang manag detail multipl,case present series dilemma face senior executive think potential application robotic process automation rpa human resource hr function global business service gbs operation point successful rpa implementation provider xchanging operate office london insurance market teaching focus learn experience use differ hr gbs contexts require important decision cognitive automation type deploy implement effectively context tactically strategically implication decision student practitioner gain insight landscape risk challenge effective deployment lean plan strategy build mature capability b mitigate c progress launch change management detail multiple
Robotic Process Automation: Systematic Literature Review,"Robotic process automation (RPA) emerges as a new technology which is focused on of repetitive, routine, rule-based human tasks, aiming to bring benefits the organizations that decide implement such software solution. Since RPA relatively available market, scientific literature topic still scarce. Therefore, this paper aims investigate how academic community defines and extent has it been investigated in terms state, trends, application RPA. Moreover, difference between business management also addressed. In order do so, systematic review (SLR) based Web Science Scopus databases conducted. The provides results conducted SLR providing an overview definitions practical usage well its implementation different industries.",2019-01-01,https://doi.org/10.1007/978-3-030-30429-4_19,"Lucija Ivančić, Dalia Suša Vugec, Vesna Bosilj Vukšić",104,Robotic process automation RPA emerges as a new technology which is focused on of repetitive routine rulebased human tasks aiming to bring benefits the organizations that decide implement such software solution Since RPA relatively available market scientific literature topic still scarce Therefore this paper aims investigate how academic community defines and extent has it been investigated in terms state trends application RPA Moreover difference between business management also addressed In order do so systematic review SLR based Web Science Scopus databases conducted The provides results conducted SLR providing an overview definitions practical usage well its implementation different industries,robot process autom rpa emerg new technolog focus repetit routin rulebas human task aim bring benefit organ decid implement softwar solut sinc rpa rel avail market scientif literatur topic still scarc therefor paper aim investig academ commun defin extent investig term state trend applic rpa moreov differ busi manag also address order systemat review slr base web scienc scopu databas conduct provid result conduct slr provid overview definit practic usag well implement differ industri,robotic process automation rpa emerge new technology focus repetitive routine rulebase human task aim bring benefit organization decide implement software solution rpa relatively available market scientific literature topic scarce paper aim investigate academic community define extent investigate term state trend application rpa difference business management address order systematic review slr base web science scopus database conduct provide result conduct slr provide overview definition practical usage implementation different industry
Impacts of Robotic Process Automation on Global Accounting Services,"The aim of this study is to understand the impact Robotic Process Automation (RPA) on Global Accounting Services (GAS) using institutional logic lens. This uses an in-depth case approach in one largest global business services firm that provides accounting services. result showed RPA technology has significant impacts individual and organization resulted change reduction work, thus reducing number employees. Nevertheless, introduction new creates unnecessary competition between humans robots. Although could solve issues involving such as disciplinary problems, employee productivity, human resource shortages, high level works analytical aspect not be completely replaced by robots can only done humans.",2018-04-30,https://doi.org/10.17576/ajag-2018-09-11,"Dahlia Fernandez, Aini Aman",111,The aim of this study is to understand the impact Robotic Process Automation RPA on Global Accounting Services GAS using institutional logic lens This uses an indepth case approach in one largest global business services firm that provides accounting services result showed RPA technology has significant impacts individual and organization resulted change reduction work thus reducing number employees Nevertheless introduction new creates unnecessary competition between humans robots Although could solve issues involving such as disciplinary problems employee productivity human resource shortages high level works analytical aspect not be completely replaced by robots can only done humans,aim studi understand impact robot process autom rpa global account servic ga use institut logic len use indepth case approach one largest global busi servic firm provid account servic result show rpa technolog signific impact individu organ result chang reduct work thu reduc number employe nevertheless introduct new creat unnecessari competit human robot although could solv issu involv disciplinari problem employe product human resourc shortag high level work analyt aspect complet replac robot done human,aim study understand impact robotic process automation rpa global accounting service gas institutional logic lens use indepth case approach large global business service firm provide accounting service result show rpa technology significant impact individual organization result change reduction work reduce number employee introduction new create unnecessary competition human robot solve issue involve disciplinary problem employee productivity human resource shortage high level work analytical aspect completely replace robot human
Norm-Optimal Iterative Learning Control Applied to Gantry Robots for Automation Applications,"This paper is concerned with the practical implementation of norm-optimal iterative learning control (NOILC) algorithm. Here, complexity this algorithm first considered respect to real-time applications, and a new modified version, fast ILC (F-NOILC), derived for application, which potentially allows sampling rate three times faster that original A performance index used assess experimental results obtained from applying F-NOILC an industrial gantry robot system and, in particular, effects varying parameters cost function, at heart approach",2006-12-01,https://doi.org/10.1109/tro.2006.882927,"James D. Ratcliffe, P.L. Lewin, Eric Rogers, J. Hätönen, D.H. Owens",105,This paper is concerned with the practical implementation of normoptimal iterative learning control NOILC algorithm Here complexity this algorithm first considered respect to realtime applications and a new modified version fast ILC FNOILC derived for application which potentially allows sampling rate three times faster that original A performance index used assess experimental results obtained from applying FNOILC an industrial gantry robot system and in particular effects varying parameters cost function at heart approach,paper concern practic implement normoptim iter learn control noilc algorithm complex algorithm first consid respect realtim applic new modifi version fast ilc fnoilc deriv applic potenti allow sampl rate three time faster origin perform index use assess experiment result obtain appli fnoilc industri gantri robot system particular effect vari paramet cost function heart approach,paper concern practical implementation normoptimal iterative learning control noilc algorithm complexity algorithm consider respect realtime application new modify version fast ilc fnoilc derive application potentially allow sampling rate time fast original performance index assess experimental result obtain apply fnoilc industrial gantry robot system particular effect vary parameter cost function heart approach
